relationship,support,confidence,lift
"{'88631'}' -> '{'95398'}", 0.024064, 0.970588, 36.633028
...
"{'7686'}' -> '{'74994', '64408'}", 0.021633, 0.824074, 35.315008
...
"{'7686', '74994'}' -> '{'39749'}", 0.022120, 0.928571, 33.510025
...
"{'92490'}' -> '{'95398', '88631', '51657'}", 0.022363, 0.867925, 37.194182
...
"{'88631', '92490'}' -> '{'95398', '51657'}", 0.022363, 0.948454, 37.161316
...
"{'92490', '88631', '51657'}' -> '{'95398'}", 0.022363, 0.978723, 36.940074
...